Sim;VIF;BE
1;-79508;1794637.772
2;36375;1531916.465
3;20277;1415544.658
4;77703;1412403.852
5;71024;1560672.72
6;2864;1532544.778
7;124131;1893558.879
8;45195;1347969.209
9;-38043;1534851.265
10;77475;1452781.254
11;72279;1410249.036
12;74605;1490737.084
13;49931;1502786.436
14;36889;1710021.277
15;-80658;1710232.313
16;91651;1625364.022
17;-13705;1583845.022
18;-81866;1722984.893
19;-113267;1538624.317
20;84305;1431494.865
21;49650;1641364.203
22;62707;1435344.934
23;59362;1417325.906
24;62501;1356690.948
25;64984;1619837.019
26;6837;1497531.839
27;13482;1466024.274
28;-16846;1585941.425
29;70206;1657998.507
30;-445;1600597.64
31;79362;1483782.441
32;27587;1807928.88
33;34633;1372126.332
34;88168;1633918.945
35;-21298;1471436.75
36;19321;1653182.745
37;-28462;1500339.805
38;78627;1435743.061
39;-24135;1464942.104
40;73801;1437128.68
41;11414;1799277.984
42;-337840;1881288.022
43;82519;1555237.023
44;31844;1321356.468
45;90142;1631030.877
46;-184990;1686954.443
47;87581;1469239.489
48;64645;1451990.597
49;38105;1550185.028
50;-2094;1634313.535
51;94618;1461872.39
52;61656;1373576.988
53;1950;1487803.825
54;-141029;1828207.497
55;54978;1500313.182
56;-122534;1668239.055
57;-14856;1592719.401
58;78558;1465811.703
59;74063;1494095.092
60;-30957;1498513.149
61;55161;1334562.264
62;-150967;1625380.042
63;-25159;1686620.272
64;-65344;1471282.691
65;67485;1679082.418
66;-16230;1400803.429
67;74946;1413772.812
68;80723;1602073.525
69;30843;1670867.885
70;-80144;1522673.913
71;8420;1458515.64
72;91968;1667886.95
73;9430;1662864.831
74;74547;1596594.559
75;22774;1379464.942
76;88346;1612100.181
77;64823;1466104.658
78;-60557;1709515.451
79;45440;1436723.282
80;-35201;1441757.003
81;-30900;1499528.963
82;80084;1627993.776
83;82084;1472550.789
84;65608;1365318.728
85;-35053;1573375.549
86;40135;1593480.436
87;68036;1487973.937
88;-112948;1564505.371
89;-136900;1845195.444
90;66677;1520176.154
91;46176;1475661.577
92;26927;1373037.399
93;43864;1463059.626
94;10993;1581943.05
95;102047;1592289.99
96;-29093;1848908.378
97;-29998;1572966.354
98;77700;1528338.086
99;-66448;1542403.764
100;87515;1582832.262
101;6223;1486830.966
102;75628;1410203.752
103;-42056;1497496.197
104;55406;1272805.017
105;28755;1813708.108
106;3371;1474712.762
107;91346;1489865.341
108;33309;1397004.436
109;602;1757252.769
110;-205014;1771779.002
111;89842;1571775.313
112;65858;1435522.268
113;-151458;1684091.02
114;-57411;1727832.344
115;73950;1435944.752
116;75222;1349172.605
117;-26870;1593093.235
118;13088;1582779.338
119;59767;1376485.3
120;68828;1529466.294
121;73024;1606633.56
122;64288;1284746.815
123;88787;1701965.985
124;35440;1696307.195
125;46906;1501531.839
126;31386;1548368.28
127;-19531;1527476.557
128;16125;1820067.363
129;-148729;1628400.863
130;88833;1473837.547
131;66764;1430523.61
132;49323;1453442.253
133;61512;1484615.971
134;66159;1490213.609
135;-123608;1755030.899
136;61940;1346666.289
137;-196691;1814427.249
138;-2730;1408567.383
139;95850;1531683.635
140;64740;1344755.576
141;-65886;1587263.178
142;-271600;2070839.691
143;75460;1527075.581
144;59014;1387436.198
145;43493;1690969.753
146;-153443;1778683.113
147;86432;1509360.833
148;72243;1358567.189
149;-134981;1750691.652
150;-8927;1481358.856
151;92483;1502180.58
152;62233;1536828.75
153;77871;1553132.093
154;61081;1364141.985
155;19663;1571462.99
156;-60124;1632542.899
157;3323;1439227.116
158;58910;1376525.635
159;30871;1389393.192
160;-61619;1506211.231
161;100195;1718076.997
162;-119446;1646318.003
163;94641;1564271.54
164;-17603;1471544.322
165;50102;1667212.083
166;54919;1340018.284
167;96951;1587483.061
168;64048;1394021.477
169;43117;1470417.916
170;28987;1567155.957
171;-69385;1463838.009
172;89307;1726363.077
173;-27985;1468321.946
174;25465;1596746.721
175;32682;1341418.537
176;2326;1529057.327
177;4449;1608479.188
178;23495;1515781.479
179;76135;1400854.813
180;68076;1396008.512
181;67028;1503433.388
182;-52292;1747905.952
183;73377;1554024.856
184;22783;1574942.016
185;-104135;1777786.846
186;92184;1550824.516
187;62855;1369632.228
188;47886;1572003.073
189;68452;1469415.459
190;-269287;1862724.075
191;75492;1491250.004
192;29257;1709251.822
193;34332;1478098.485
194;18736;1483694.652
195;58769;1377894.242
196;72201;1558512.51
197;72281;1505314.169
198;68492;1477822.04
199;-207646;1741481.825
200;76593;1483204.375
201;72379;1682244.589
202;-97517;1558974.571
203;59281;1375091.635
204;65832;1417804.585
205;-489;1852170.144
206;-444962;1895443.942
207;80906;1512427.853
208;-10104;1354118.412
209;-35294;1581982.671
210;-47187;1738067.308
211;97723;1533349.111
212;69131;1331311.989
213;-17679;1586960.988
214;-22933;1658569.801
215;89520;1546462.526
216;2134;1670015.459
217;-44730;1485735.982
218;69632;1439191.511
219;32057;1550073.424
220;-63191;1639868.806
221;61157;1391373.295
222;102509;1754660.487
223;62772;1543378.89
224;-55761;1481234.237
225;-71889;1789031.818
226;-7527;1522502.722
227;88932;1566387.513
228;52164;1330479.411
229;53766;1673936.698
230;-4659;1393413.692
231;47418;1553529.671
232;95763;1521046.395
233;-20816;1539472.299
234;90604;1600464.788
235;-20029;1412259.16
236;84917;1569725.054
237;39690;1431192.034
238;61298;1658686.75
239;5962;1491445.461
240;-8781;1432906.73
241;62790;1533805.868
242;-16851;1591417.756
243;51730;1406746.542
244;60219;1368153.007
245;35556;1593980.583
246;-79637;1510817.021
247;20883;1690852.737
248;30963;1441311.425
249;-10103;1681282.129
250;78659;1528312.583
251;75497;1504232.257
252;26017;1524327.797
253;5614;1565047.418
254;-164219;1758498.847
255;70842;1600035.123
256;-121629;1638151.968
257;-166562;1843321.84
258;-59520;1545330.207
259;86248;1634999.35
260;-4813;1531097.104
261;79199;1611349.725
262;-22795;1676933.644
263;34231;1422659.905
264;78624;1574134.613
265;79511;1403664.709
266;19386;1491707.19
267;21673;1348244.512
268;66167;1439166.537
269;61526;1638523.976
270;669;1617085.049
271;-14329;1543760.979
272;46661;1445061.537
273;-161540;1547334.622
274;-15511;1625443.78
275;-27349;1546293.529
276;66231;1472132.296
277;82803;1477182.873
278;86697;1728395.154
279;86156;1460369.682
280;-40822;1477007.758
281;42500;1417823.069
282;28916;1521630.266
283;67230;1355848.006
284;-23031;1450565.652
285;52124;1569085.669
286;-78393;1690596.362
287;80933;1538856.17
288;66279;1498464.64
289;44406;1593230.609
290;74189;1443297.659
291;-8550;1662072.209
292;-3079;1545709.502
293;63677;1475277.374
294;-18441;1492016.524
295;25329;1602050.2
296;82238;1515541.443
297;-4639;1577268.333
298;18877;1785740.369
299;77607;1413430.368
300;67594;1321505.894
301;-67058;1579161.339
302;-89829;1586373.89
303;62181;1428941.604
304;60347;1322961.108
305;27109;1767899.279
306;-44176;1531106.044
307;94917;1564409.777
308;55474;1295062.91
309;20997;1769435.23
310;-358190;1768917.849
311;74145;1525308.784
312;30700;1847668.262
313;49607;1557080.354
314;60127;1496069.33
315;-6001;1584589.301
316;45272;1628742.363
317;-105431;1608706.083
318;70049;1623988.389
319;-138761;1645746.055
320;41627;1455980.428
321;-167647;1840101.25
322;67254;1364376.427
323;77828;1536550.637
324;3132;1466383.843
325;67599;1511110.363
326;42116;1676491.185
327;81245;1631003.151
328;-90504;1584387.686
329;-86081;1679876.918
330;76717;1599815.539
331;72444;1427698.229
332;81841;1472556.751
333;-75001;1523101.146
334;7866;1821110.274
335;-30554;1585328.386
336;96271;1569603.004
337;15607;1514768.349
338;11542;1469953.454
339;-39562;1484614.158
340;71186;1460556.417
341;56123;1567819.16
342;19733;1574021.018
343;55645;1368569.178
344;57916;1509597.227
345;95453;1624565.163
346;-41277;1393479.059
347;80602;1526477.706
348;33015;1426825.315
349;99726;1857871.031
350;53035;1329627.484
351;-25569;1455068.279
352;-245;1563951.77
353;12044;1572284.961
354;45998;1414731.671
355;-22814;1766326.101
356;-56910;1667786.248
357;78042;1474098.488
358;72032;1402804.657
359;77422;1488960.743
360;68979;1426036.13
361;45781;1616195.344
362;-98987;1770977.683
363;70608;1387051.354
364;69337;1351208.378
365;-170188;1831543.666
366;-37216;1690565.599
367;84360;1469257.407
368;34581;1332907.977
369;-230044;2114369.169
370;-11482;1519018.269
371;101978;1584228.214
372;22897;1355255.074
373;36450;1467139.852
374;-315318;1897252.142
375;88598;1535294.391
376;74824;1695881.596
377;-4004;1435105.837
378;78447;1415031.597
379;55556;1254577.962
380;43300;1716078.729
381;18999;1401214.551
382;36100;1594578.945
383;-233946;1747217.543
384;54520;1617570.343
385;74984;1565277.471
386;79525;1426179.03
387;-18272;1603978.769
388;-6813;1698815.648
389;61559;1356164.808
390;25622;1469231.368
391;-7325;1467122.767
392;71321;1478236.262
393;-42575;1644577.26
394;-82933;1683903.078
395;72901;1346393.781
396;66884;1423044.628
397;11333;1634746.032
398;-202373;1740804.348
399;74696;1460136.317
400;47613;1379680.647
401;-112340;1798934.335
402;-220097;1759361.167
403;99553;1585090.447
404;73686;1429899.294
405;49466;1579012.912
406;-203282;1849931.815
407;79554;1435598.589
408;-10087;1715336.184
409;76288;1484765.275
410;103602;1637029.338
411;69941;1469791.336
412;50462;1561572.868
413;60326;1416565.242
414;75860;1441184.357
415;59365;1522307.16
416;13324;1484370.589
417;-173092;1759029.715
418;29371;1472081.011
419;24124;1486654.513
420;56431;1478896.121
421;61394;1542700.419
422;51060;1513605.587
423;48329;1405841.849
424;52492;1437301.768
425;16211;1578066.192
426;-132446;1608175.87
427;89878;1499306.343
428;13312;1363740.569
429;50492;1624333.621
430;93387;1711906.583
431;26342;1583436.089
432;95385;1537636.354
433;-177468;1645354.852
434;80250;1621409.114
435;-22276;1444623.212
436;96390;1595980.958
437;50359;1515286.79
438;74578;1633932.479
439;51043;1364199.811
440;9534;1401815.001
441;65764;1630435.808
442;-5862;1383255.998
443;85276;1489096.016
444;1406;1394924.395
445;76998;1622360.255
446;-51701;1578117.921
447;78663;1602270.193
448;-102567;1723096.953
449;-198109;1646454.858
450;103466;1543937.091
451;162;1580833.842
452;11160;1370229.545
453;51914;1412586.85
454;34676;1532156.675
455;6870;1666587.591
456;48004;1313675.231
457;-47833;1619640.253
458;-23731;1525613.926
459;103018;1520783.649
460;45142;1287998.806
461;-25497;1569488.939
462;-96080;1747343.683
463;97720;1710920.431
464;75597;1424412.875
465;51364;1839477.037
466;-128181;1590366.268
467;13933;1508780.727
468;83442;1480514.403
469;51358;1742606.876
470;-52922;1528925.613
471;81216;1440991.683
472;1693;1585484.302
473;47458;1474348.405
474;58449;1507615.504
475;-132140;1531060.274
476;77887;1614865.452
477;-16611;1549845.2
478;68174;1440480.172
479;-55249;1553300.288
480;78466;1511392.983
481;-52213;1672122.22
482;-39659;1712564.8
483;39419;1554026.618
484;3824;1493843.459
485;-120122;1601600.662
486;912;1687243.269
487;71082;1379225.684
488;27778;1475812.06
489;68419;1478636.179
490;-51869;1606984.66
491;82768;1513022.225
492;67610;1382471.882
493;63310;1557205.486
494;37706;1443875.4
495;59184;1429496.445
496;90574;1640218.906
497;-47680;1602728.134
498;71138;1453102.322
499;52316;1403422.905
500;87143;1512387.533
501;72787;1417653.859
502;57434;1696296.513
503;-81748;1496306.594
504;16326;1570793.635
505;-40249;1921842.337
506;30676;1448342.983
507;94183;1505192.469
508;-773;1327906.002
509;86801;1698627.645
510;-206773;1760814.872
511;86658;1652590.722
512;-106749;1625376.999
513;29588;1826078.957
514;49023;1583214.484
515;86200;1517016.959
516;73310;1424693.948
517;50432;1514121.786
518;-132213;1639132.747
519;2139;1519078.033
520;61454;1493683.336
521;-94333;1679376.978
522;78146;1468864.284
523;75189;1419117.716
524;-12692;1511509.69
525;1097;1378987.197
526;25714;1771098.907
527;67461;1401693.652
528;79631;1696919.091
529;17406;1599047.897
530;-38359;1601991.772
531;75094;1498676.765
532;37122;1429303.422
533;-3715;1623881.663
534;68344;1478253.209
535;29230;1359067.803
536;68416;1538983.053
537;76371;1601911.313
538;-5441;1535597.572
539;73036;1528350.986
540;-67336;1517264.128
541;-6015;1643814.728
542;-102282;1540150.837
543;61271;1395728.116
544;85303;1567330.963
545;-162619;1762886.405
546;-13251;1764243.08
547;28800;1308799.658
548;97509;1512519.997
549;-170335;1752590.782
550;47880;1618978.046
551;66163;1405748.175
552;-61279;1422143.923
553;77056;1623543.27
554;-3604;1286355.089
555;68017;1539684.653
556;-56578;1617685.5
557;94038;1670581.044
558;35649;1367882.287
559;81486;1565995.433
560;-193664;1806574.749
561;-49357;1567276.211
562;76937;1469674.636
563;78671;1465039.388
564;73090;1584300.937
565;61996;1440635.633
566;91434;1583026.675
567;71968;1746651.785
568;57043;1329358.996
569;-200989;1893099.003
570;29115;1499879.849
571;77197;1453219.263
572;70170;1467254.727
573;-33273;1518384.638
574;-242394;1991803.178
575;87134;1538864.47
576;-13964;1511880.038
577;42385;1600513.096
578;-61436;1582373.271
579;74591;1531074.436
580;30679;1310991.714
581;-10687;1612645.66
582;11558;1491181.465
583;65397;1584825.388
584;63912;1441116.317
585;-14575;1540015.755
586;64947;1554661.953
587;74474;1508381.682
588;56344;1539241.622
589;53169;1482286.241
590;42460;1571607.291
591;63030;1453660.641
592;61306;1617576.682
593;-40551;1542368.785
594;28852;1581934.604
595;49072;1374607.319
596;69724;1364104.736
597;68603;1554152.201
598;80162;1520115.015
599;28282;1502218.934
600;66622;1397754.09
601;22917;1656657.514
602;58105;1494669.447
603;71849;1541579.044
604;70656;1460662.658
605;71930;1526130.053
606;-83690;1666933.721
607;53981;1550114.083
608;41639;1491095.615
609;-161073;1649305.991
610;-23712;1991807.879
611;59720;1342598.981
612;88411;1450779.771
613;-154781;1597560.174
614;-46220;1799105.108
615;74036;1479250.73
616;-94214;1552147.133
617;61634;1476176.984
618;73766;1459804.674
619;82352;1535469.57
620;-109751;1596073.013
621;91843;1442465.394
622;-42557;1439012.829
623;101438;1699926.783
624;-40393;1675532.293
625;81073;1515024.419
626;-50987;1496287.047
627;-62116;1456363.684
628;74398;1639863.331
629;80237;1516993.32
630;-24973;1380704.912
631;-54179;1554350.148
632;59786;1325931.057
633;-30977;1652999.24
634;-110442;1659816.923
635;72174;1413067.595
636;65044;1462763.62
637;51718;1634173.448
638;-329011;1975773.85
639;76299;1388023.573
640;44736;1504135.914
641;-348369;1834582.9
642;-63617;1736652.856
643;67808;1367049.752
644;75034;1385980.069
645;43069;1504503.105
646;-89584;1803366.715
647;86402;1598181.649
648;-64142;1624172.856
649;51117;1503926.506
650;69965;1327667.917
651;75966;1475892.383
652;-13737;1529694.699
653;72564;1417184.304
654;-108242;1632102.089
655;58002;1692786.94
656;-102552;1615412.354
657;94013;1605250.429
658;4952;1592470.549
659;-16013;1547016.337
660;80736;1610799.059
661;78025;1508436.684
662;66199;1417584.871
663;77373;1572637.58
664;78073;1351994.627
665;41260;1474768.145
666;-54239;1707186.636
667;31172;1396132.883
668;72106;1513005.476
669;-72859;1690264.159
670;-106574;1774000.651
671;73634;1434853.476
672;72001;1384813.304
673;92842;1651614.145
674;-121360;1674577.479
675;78376;1516459.161
676;-7220;1432047.351
677;85735;1755547.162
678;-3568;1430635.377
679;76800;1629067.701
680;86220;1539458.098
681;-5107;1658548.466
682;10648;1596005.164
683;6159;1441340.789
684;92482;1648884.006
685;-59411;1518772.141
686;67686;1544865.775
687;26563;1290156.248
688;-23422;1591149.447
689;430;1600896.891
690;70129;1462601.161
691;84217;1457864.618
692;42249;1326086.346
693;5704;1585498.717
694;-58614;1563186.767
695;-4677;1675168.76
696;38992;1492632.376
697;-127933;1715938.617
698;61531;1423257.276
699;17704;1485838.472
700;57168;1385314.575
701;68801;1452119.129
702;-105150;1796443.254
703;54744;1531959.277
704;89212;1573065.5
705;-60910;1596175.915
706;69908;1644912.67
707;80835;1399772.435
708;73829;1447903.851
709;-129730;1676115.389
710;-191341;1840499.469
711;-4585;1473839.429
712;-43907;1568205.481
713;74284;1664063.98
714;70523;1386770.636
715;62132;1477826.972
716;-8774;1589299.086
717;64458;1463092.441
718;34008;1435774.495
719;89755;1683098.294
720;-78856;1562113.927
721;78578;1505627.706
722;29487;1419789.023
723;60248;1443860.455
724;2029;1451012.65
725;45726;1496348.373
726;29927;1370768.366
727;15361;1680844.467
728;82897;1501721.626
729;-107326;1846855.494
730;14625;1580714.84
731;67895;1473278.489
732;92232;1543015.835
733;-11359;1565672.416
734;-158971;1786728.612
735;52227;1345466.072
736;-151313;1557975.465
737;23175;1761106.828
738;-217431;1641552.009
739;103253;1662804.116
740;-25177;1404578.531
741;71579;1504195.227
742;55087;1555570.776
743;84480;1534799.49
744;51538;1443522.61
745;-65888;1476305.394
746;116316;1778876.202
747;81323;1460930.637
748;-1808;1591440.438
749;35380;1465423.281
750;-2227;1839906.382
751;61694;1366603.698
752;-61081;1664807.869
753;-5564;1711602.502
754;-40505;1576745.275
755;57450;1370941.402
756;81592;1547923.118
757;44847;1550656.957
758;-55106;1569829.199
759;67431;1466875.798
760;81592;1551933.171
761;41080;1491214.778
762;39769;1535947.489
763;57984;1314198.968
764;74050;1678226.168
765;71720;1611646.817
766;-439443;2103219.279
767;41650;1399414.244
768;23965;1492599.705
769;-69073;1888747.059
770;-1987;1482797.522
771;62922;1515011.186
772;15334;1455007.165
773;22399;1453163.268
774;-25630;1617985.593
775;-34684;1525340.831
776;54818;1479232.767
777;11566;1610256.837
778;63879;1554605.24
779;72329;1365138.384
780;91692;1556950.152
781;-13775;1634302.355
782;-4511;1575854.671
783;14404;1376478.281
784;60654;1475826.868
785;-114184;1737165.056
786;105985;1718148.523
787;73541;1462861.68
788;20465;1401294.52
789;21266;1479294.768
790;43753;1536053.594
791;83428;1473505.588
792;-27573;1495496.102
793;77578;1589415.127
794;-11319;1554719.312
795;88533;1573292.249
796;30945;1419506.064
797;18087;1624410.567
798;-119728;1617786.165
799;45033;1584280.278
800;-14739;1343748.896
801;-239006;1910608.318
802;-113666;1644138.142
803;93310;1539870.249
804;64246;1451414.564
805;74397;1553360.951
806;-67786;1778571.353
807;78553;1467453.778
808;-80396;1637698.796
809;5552;1409321.896
810;41386;1498329.392
811;64910;1353233.378
812;1410;1600665.146
813;72193;1540273.544
814;78548;1491353.298
815;87433;1684776.523
816;-32774;1545916.069
817;84892;1579762.188
818;-28955;1236929.041
819;77321;1535565.629
820;-53238;1589649.637
821;86473;1570593.298
822;53;1466701.682
823;19532;1637258.606
824;90183;1638321.846
825;-284051;1826011.758
826;-76774;1695871.483
827;75524;1361661.16
828;102048;1638792.468
829;-53010;1674242.942
830;-100296;1924488.725
831;-110642;1503670.843
832;33761;1439771.506
833;11390;1767009.327
834;48438;1495421.334
835;76044;1449876.049
836;52518;1389297.629
837;77530;1459868.499
838;-227038;1809497.618
839;60119;1652056.349
840;-153734;1799021.402
841;54503;1527744.883
842;54080;1494936.34
843;56526;1284811.01
844;70233;1483591.384
845;20221;1568830.9
846;-81593;1705914.154
847;466;1590503.488
848;61712;1511343.047
849;45521;1433546.243
850;-60663;1749384.751
851;22513;1396996.832
852;29104;1572531.663
853;30055;1488582.916
854;52768;1572506.497
855;57164;1293577.023
856;55801;1511455.85
857;70678;1433509.18
858;-118860;1699247.924
859;89730;1564047.194
860;-13506;1394914.828
861;56891;1648510.04
862;-20924;1544930.589
863;77721;1479322.882
864;91690;1491398.893
865;-64216;1629882.54
866;-108968;1689906.08
867;12082;1524834.639
868;14093;1340832.37
869;-42609;1774230.703
870;-44755;1610003.655
871;76181;1380487.867
872;21116;1679332.88
873;85316;1478885.632
874;36948;1407366.296
875;-17824;1489639.575
876;28676;1765962.318
877;69663;1634881.565
878;65552;1409569.638
879;-22484;1548496.205
880;-172733;1647063.79
881;33065;1604471.548
882;64999;1327748.457
883;112355;1769604.837
884;-59796;1482262.165
885;89271;1527630.278
886;-16490;1551663.061
887;98994;1880682.208
888;79550;1457378.716
889;-118270;1608533.766
890;61109;1633234.841
891;74004;1372174.345
892;66691;1326310.756
893;-168342;1558381.45
894;-167671;2120345.532
895;10418;1540740.897
896;82446;1422820.573
897;-283213;1862388.184
898;-61790;1640967.506
899;62197;1468255.968
900;80363;1364302.732
901;24640;1604814.355
902;-179012;1837447.491
903;75377;1422820.67
904;18778;1620162.55
905;76416;1461782.486
906;66077;1399065.886
907;74817;1501358.758
908;-11014;1529206.928
909;88958;1650346.646
910;2992;1428028.969
911;-129869;1814984.719
912;-134231;1740298.714
913;-2584;1590466.954
914;40181;1346068.071
915;33847;1649697.285
916;35072;1419121.224
917;85264;1477321.957
918;58878;1452443.417
919;68594;1509194.613
920;66712;1388509.429
921;-66814;1507886.308
922;-46048;1667187.552
923;65308;1356242.732
924;82914;1396787.278
925;-81544;1653725.774
926;43085;1736492.72
927;43711;1463185.191
928;64326;1429764.254
929;13518;1638775.651
930;64089;1498247.925
931;48267;1483579.983
932;46691;1435758.531
933;44245;1418730.333
934;-4925;1688107.496
935;66535;1423774.79
936;-62796;1676191.327
937;-30309;1473281.494
938;8180;1726073.247
939;85637;1496488.926
940;12059;1395333.931
941;21280;1551774.937
942;43874;1492539.469
943;70312;1476470.34
944;94251;1638913.3
945;3209;1606712.004
946;84666;1527334.304
947;50625;1396101.75
948;62624;1611388.086
949;-8130;1475971.557
950;-20376;1777351.007
951;26140;1406164.554
952;-272;1448259.476
953;90120;1648919.629
954;-51622;1706184.981
955;86811;1564968.754
956;35653;1322668.675
957;91669;1652842.122
958;-186019;1565051.851
959;87073;1582699.533
960;85752;1553012.656
961;-248804;1823408.435
962;-34050;1507163.782
963;58056;1337426.23
964;73640;1455921.385
965;50922;1502053.549
966;-278074;2055812.485
967;49856;1361783.887
968;-61468;1783432.14
969;2259;1516854.085
970;22758;1442616.591
971;102944;1577391.22
972;23928;1428168.701
973;87061;1534790.134
974;63083;1541132.404
975;7299;1535102.422
976;-8104;1467264.885
977;103752;1681882.94
978;58958;1396774.266
979;97982;1641726.211
980;-75700;1607262.439
981;74465;1457070.141
982;60429;1462552.063
983;88541;1511599.698
984;50791;1529903.03
985;-51520;1570593.28
986;-358982;2187971.008
987;86868;1472134.57
988;73731;1485759.391
989;-98698;1625290.583
990;-22748;1666293.565
991;70282;1434293.222
992;75171;1553672.381
993;-49456;1730898.938
994;-25234;1576318.424
995;-94240;1610783.343
996;100394;1663850.659
997;102091;1628516.89
998;29438;1438526.733
999;55163;1401981.466
1 000;11933;1402601.095
1 001;92455;1659871.263
1 002;-92771;1467868.748
1 003;66421;1386155.17
1 004;28599;1535496.64
1 005;-56376;1645396.471
1 006;69061;1440973.222
1 007;70040;1469140.769
1 008;52324;1545447.733
1 009;-386972;1842884.089
1 010;94860;1653940.187
1 011;63010;1416526.528
1 012;27389;1459265.606
1 013;50616;1355686.348
1 014;1782;1829517.565
1 015;61296;1421671.328
1 016;-67358;1488206.593
1 017;52822;1683039.474
1 018;52037;1432857.041
1 019;89294;1467206.44
1 020;41523;1334234.654
1 021;42459;1643574.817
1 022;-182500;1776281.11
1 023;29889;1802656.382
1 024;31102;1417721.13
1 025;-196316;1958133.261
1 026;-138926;1786608.567
1 027;93584;1530139.054
1 028;57879;1342651.085
1 029;-105105;1681936.4
1 030;-7224;1571548.024
1 031;77529;1422355.577
1 032;25421;1415634.654
1 033;75114;1398496.811
1 034;83833;1509436.108
1 035;46820;1559813.846
1 036;-28319;1663974.12
1 037;51865;1410876.422
1 038;18237;1553911.625
1 039;88035;1631106.748
1 040;-155800;1674945.98
1 041;72568;1502451.002
1 042;17330;1323311.358
1 043;75073;1531650.414
1 044;33024;1351401.771
1 045;97545;1598948.059
1 046;9981;1403057.973
1 047;26716;1775913.443
1 048;91764;1587241.493
1 049;-166338;1774233.04
1 050;67545;1467059.168
1 051;58607;1314402.134
1 052;94634;1619840.939
1 053;-174701;1707842.411
1 054;-282599;2116021.98
1 055;-6725;1370918.906
1 056;-18393;1590332.761
1 057;4395;1683027.476
1 058;-34971;1474300.887
1 059;83806;1407296.915
1 060;70560;1499408.839
1 061;70696;1620988.21
1 062;-167428;1815414.835
1 063;-80744;1593317.951
1 064;93420;1689892.26
1 065;-84670;1656143.951
1 066;63730;1530229.855
1 067;56925;1332758.777
1 068;60902;1443621.537
1 069;82007;1504968.913
1 070;-82516;1723433.735
1 071;72700;1498696.058
1 072;-34644;1435346.021
1 073;55919;1384904.241
1 074;43364;1582980.113
1 075;76392;1467769.618
1 076;69514;1454775.848
1 077;1115;1508735.059
1 078;80501;1618687.517
1 079;63683;1426555.168
1 080;38954;1460590.589
1 081;68367;1647603.715
1 082;-141697;1583490.99
1 083;75305;1588690.702
1 084;-151025;1586308.733
1 085;79413;1594312.318
1 086;-82421;1768230.647
1 087;66246;1416658.179
1 088;78124;1501891.125
1 089;-31520;1743956.643
1 090;-98757;1634299.215
1 091;80382;1400756.725
1 092;67598;1419005.181
1 093;-26207;1681444.709
1 094;-115612;1706223.062
1 095;58772;1378055.238
1 096;-21285;1780118.084
1 097;88870;1589583.366
1 098;7006;1465152.533
1 099;-62027;1611785.544
1 100;74299;1582667.041
1 101;83190;1440925.082
1 102;-56034;1567576.993
1 103;-67445;1508878.279
1 104;-95594;1518413.686
1 105;97079;1524215.216
1 106;70298;1530582.996
1 107;114165;1791448.537
1 108;18424;1423360.122
1 109;71006;1469055.782
1 110;-99639;1536822.808
1 111;-1707;1890319.68
1 112;89244;1530535.659
1 113;-148224;1641256.22
1 114;73008;1775852.003
1 115;63891;1345905.099
1 116;44713;1410962.307
1 117;-99507;1477232.638
1 118;-80896;1763736.716
1 119;33378;1399829.918
1 120;53926;1445538.437
1 121;-43907;1596196.281
1 122;-4487;1494865.215
1 123;71509;1436931.908
1 124;68507;1374087.283
1 125;93188;1786797.122
1 126;52010;1440247.9
1 127;84031;1645332.375
1 128;68855;1340835.931
1 129;-28583;1518060.111
1 130;61531;1443054.349
1 131;-10;1438380.355
1 132;68900;1495465.193
1 133;-18705;1617110.642
1 134;-48972;1703743.704
1 135;3884;1580958.536
1 136;85752;1584575.651
1 137;-109617;1599026.121
1 138;-27784;1678553.626
1 139;10737;1442725.321
1 140;63214;1336164.263
1 141;49274;1501999.349
1 142;82616;1637992.198
1 143;-473;1498239.139
1 144;50018;1294998.847
1 145;-22493;1559045.703
1 146;68577;1366942.615
1 147;95204;1575535.272
1 148;35523;1443831.607
1 149;92311;1670896.225
1 150;6236;1618434.682
1 151;63784;1437031.785
1 152;50897;1527247.157
1 153;-57585;1523018.26
1 154;-5867;1637460.809
1 155;39304;1477726.167
1 156;49980;1384347.585
1 157;-25149;1667577.084
1 158;71828;1467735.529
1 159;21412;1389720.608
1 160;83408;1491013.849
1 161;44890;1548103.634
1 162;-4443;1691955.033
1 163;58924;1604989.513
1 164;-74279;1516679.697
1 165;51511;1546935.132
1 166;33506;1666134.694
1 167;64377;1551359.77
1 168;72050;1715032.747
1 169;-58336;1580747.825
1 170;68145;1556439.015
1 171;61600;1363013.083
1 172;81545;1449745.874
1 173;65230;1461643.226
1 174;-51071;1600174.717
1 175;-155022;1573564.004
1 176;35240;1411887.498
1 177;90588;1785635.654
1 178;56676;1289976.543
1 179;87642;1547527.305
1 180;47976;1356807.559
1 181;89398;1512022.539
1 182;-158925;1677122.012
1 183;74873;1645860.773
1 184;-3227;1458155.417
1 185;-104761;1698395.739
1 186;-12699;1615462.061
1 187;75086;1332713.746
1 188;82228;1379370.709
1 189;23859;1533256.506
1 190;-78721;1745978.869
1 191;60572;1453377.188
1 192;9731;1581486.657
1 193;57293;1617151.389
1 194;-2308;1403030.03
1 195;55039;1401707.251
1 196;-29776;1528300.763
1 197;85277;1456296.098
1 198;-136911;1677269.924
1 199;-43955;1695023.703
1 200;-49982;1618052.789
1 201;79222;1458563.427
1 202;-100379;1659755.907
1 203;4741;1652340.181
1 204;8913;1459455.585
1 205;67977;1418993.017
1 206;51656;1381761.744
1 207;47935;1595947.611
1 208;72537;1466521.653
1 209;-135571;1607432.47
1 210;20363;1776516.357
1 211;64773;1426052.387
1 212;54058;1512224.74
1 213;-75492;1618357.647
1 214;-55955;1770670.751
1 215;90660;1470640.91
1 216;-50017;1759431.014
1 217;-5147;1683766.479
1 218;-23760;1570806.531
1 219;58866;1377738.473
1 220;76269;1519539.766
1 221;29828;1765967.063
1 222;27612;1465529.376
1 223;60293;1404605.336
1 224;31691;1466497.84
1 225;4413;1621254.349
1 226;-57254;1478021.19
1 227;58646;1470041.593
1 228;6056;1535166.228
1 229;85586;1543106.127
1 230;-138318;1691570.522
1 231;56055;1406003.32
1 232;30992;1518600.457
1 233;2310;1364039.142
1 234;53122;1649965.422
1 235;78569;1469094.692
1 236;72824;1437806.133
1 237;-5141;1404421.709
1 238;123385;1926795.359
1 239;4242;1437499.804
1 240;-23299;1437150.61
1 241;-8031;1647812.9
1 242;18883;1468121.867
1 243;102960;1658945.341
1 244;-89527;1597206.608
1 245;79350;1622365.282
1 246;-78943;1753324.432
1 247;95658;1589113.819
1 248;80745;1552039.623
1 249;-163505;1808900.935
1 250;-43436;1666970.668
1 251;62876;1333763.087
1 252;80771;1432625.04
1 253;-195555;1826928.289
1 254;-30459;1592059.186
1 255;64297;1444602.002
1 256;27346;1475536.514
1 257;79584;1563520.923
1 258;51399;1288300.02
1 259;99283;1747340.056
1 260;59195;1530284.148
1 261;70918;1419580.719
1 262;61605;1499986.391
1 263;-38734;1544601.633
1 264;-34654;1627970.535
1 265;96512;1675475.71
1 266;18548;1543839.938
1 267;96888;1735922.322
1 268;60669;1443196.373
1 269;87406;1547865.896
1 270;34285;1384697.181
1 271;49598;1637299.464
1 272;49477;1381419.787
1 273;-247050;1967097.208
1 274;27878;1621154.902
1 275;58920;1387187.851
1 276;78181;1522514.358
1 277;-176680;1710555.542
1 278;-314222;2013523.906
1 279;70664;1401524.517
1 280;85411;1588678.203
1 281;-558946;2283163.511
1 282;-125940;1776593.592
1 283;27386;1386596.361
1 284;99781;1629232.357
1 285;-73743;1584001.486
1 286;-74054;1764656.186
1 287;59764;1249648.442
1 288;-45740;1600639.402
1 289;95801;1579224.902
1 290;-50778;1487749.026
1 291;98774;1713467.747
1 292;-43724;1479836.56
1 293;111533;1694645.053
1 294;-36899;1481778.399
1 295;-51373;1710770.237
1 296;24165;1616321.563
1 297;22243;1505407.065
1 298;76903;1506538.591
1 299;21880;1671289.574
1 300;-9568;1548964.626
1 301;55126;1298824.977
1 302;-24786;1641820.282
1 303;-2924;1503899.006
1 304;57393;1423954.765
1 305;-30724;1650889.777
1 306;-28953;1633652.911
1 307;79022;1334521.614
1 308;58544;1356904.533
1 309;-61410;1680655.347
1 310;-162679;1810370.33
1 311;80867;1482138.113
1 312;58918;1430163.197
1 313;31317;1727448.761
1 314;78645;1476340.843
1 315;60372;1389864.409
1 316;19358;1490456.472
1 317;49087;1585297.541
1 318;-115502;1626940.723
1 319;79480;1506337.74
1 320;-72608;1541882.186
1 321;30878;1485172.994
1 322;55520;1709761.91
1 323;57391;1427586.415
1 324;72506;1444199.01
1 325;1127;1367533.9
1 326;70324;1540468.678
1 327;42990;1571546.895
1 328;59865;1432414.37
1 329;-67744;1611531.698
1 330;44313;1458781.866
1 331;-8094;1530811.277
1 332;54317;1521022.075
1 333;69888;1484766.945
1 334;-104297;1761579.254
1 335;63029;1515854.325
1 336;-100326;1623146.822
1 337;2872;1752095.709
1 338;-80448;1623972.059
1 339;78042;1502028.405
1 340;77386;1465427.735
1 341;17636;1631914.397
1 342;-24978;1538627.997
1 343;71134;1478369.216
1 344;82072;1422815.237
1 345;-185320;1702525.51
1 346;21647;1873396.473
1 347;70892;1492403.553
1 348;81812;1524788.292
1 349;-320408;1758924.266
1 350;30111;1649195.82
1 351;61947;1386634.448
1 352;-5855;1468691.414
1 353;78144;1501518.176
1 354;-48551;1583950.668
1 355;95453;1801250.645
1 356;-50678;1372099.98
1 357;7404;1518002.148
1 358;70934;1417127.576
1 359;80321;1691677.598
1 360;79228;1621441.453
1 361;73668;1541608.205
1 362;66963;1341064.423
1 363;-17899;1514806.696
1 364;43924;1389120.418
1 365;89309;1491270.791
1 366;-106546;1578667.01
1 367;-106972;1662457.312
1 368;46879;1523075.717
1 369;-119254;1818111.838
1 370;22553;1527075.589
1 371;79273;1418079.821
1 372;66499;1284611.85
1 373;48786;1592942.339
1 374;-169078;1711092.653
1 375;65888;1498181.234
1 376;-128051;1559051.029
1 377;-53221;1824493.933
1 378;25234;1467025.912
1 379;69207;1499118.393
1 380;65718;1442409.257
1 381;84657;1489525.345
1 382;-39779;1662855.815
1 383;98450;1582414.049
1 384;69913;1545627.501
1 385;16668;1428579.649
1 386;71877;1554905.214
1 387;61052;1244492.519
1 388;72755;1421850.636
1 389;75726;1469220.909
1 390;-35829;1821636.288
1 391;7236;1663401.882
1 392;39834;1428092.467
1 393;-20040;1556217.155
1 394;-91426;1783257.245
1 395;-131406;1644008.883
1 396;87752;1605144.443
1 397;66614;1504482.931
1 398;40127;1607311.05
1 399;67028;1358854.544
1 400;46644;1422386.609
1 401;87529;1551621.192
1 402;-80520;1597245.833
1 403;52370;1359865.279
1 404;32841;1533239.456
1 405;-74330;1680228.042
1 406;4496;1545301.081
1 407;82110;1554400.958
1 408;-44259;1479698.811
1 409;-13507;1813942.746
1 410;-6742;1573250.779
1 411;70329;1478486.529
1 412;-26049;1477776.979
1 413;90843;1571531.453
1 414;-135616;1637533.015
1 415;101169;1639084.285
1 416;86174;1597029.708
1 417;42907;1447388.175
1 418;49398;1702068.429
1 419;15971;1279302.167
1 420;97800;1548042.595
1 421;23487;1481208.418
1 422;-39740;1648741.681
1 423;-19024;1409577.171
1 424;23350;1416290.283
1 425;30868;1674569.253
1 426;45067;1562514.97
1 427;77049;1572549.22
1 428;51582;1418454.741
1 429;3143;1416051.531
1 430;-89007;1808003.292
1 431;82979;1530331.044
1 432;1429;1563488.718
1 433;29872;1431804.691
1 434;76772;1585688.457
1 435;90913;1500569.583
1 436;46910;1464598.812
1 437;49079;1549105.814
1 438;-39463;1606236.43
1 439;46816;1490176.496
1 440;84787;1492811.425
1 441;-210531;1734912.593
1 442;-18996;1642747.277
1 443;72485;1416819.667
1 444;17501;1427398.851
1 445;-32590;1635968.176
1 446;20090;1753305.868
1 447;71841;1453511.523
1 448;-75183;1518117.057
1 449;80466;1456723.704
1 450;-46742;1422765.094
1 451;83107;1519277.986
1 452;60599;1474280.099
1 453;71535;1484063.436
1 454;29107;1535729.37
1 455;39241;1668121.446
1 456;57059;1483837.753
1 457;62171;1516868.64
1 458;71651;1475344.622
1 459;-29504;1559839.041
1 460;71216;1523048.218
1 461;101430;1533929.74
1 462;-22778;1482113.401
1 463;19748;1652719.313
1 464;71731;1475472.679
1 465;-44963;1610880.336
1 466;-52487;1659811.184
1 467;27232;1372391.083
1 468;85358;1464662.854
1 469;-63725;1681961.086
1 470;-74549;1694263.841
1 471;78313;1493316.792
1 472;8137;1298384.1
1 473;-50288;1767518.097
1 474;18684;1478848.634
1 475;88268;1660006.015
1 476;-76221;1477786.435
1 477;75653;1677355.274
1 478;58027;1484827.823
1 479;95101;1527435.914
1 480;55814;1445288.851
1 481;55736;1428516.693
1 482;73685;1716055.45
1 483;19810;1455085.624
1 484;48200;1479862.372
1 485;-125916;1558192.322
1 486;92656;1628917.218
1 487;56045;1496174.118
1 488;42692;1467742.723
1 489;-89928;1897800.125
1 490;61349;1427877.516
1 491;54301;1410718.949
1 492;89597;1493236.76
1 493;56606;1559368.661
1 494;-150642;1648275.676
1 495;56420;1521184.569
1 496;45321;1534517.358
1 497;-13265;1718731.872
1 498;23926;1389168.038
1 499;45212;1281503.969
1 500;113360;1768082.966
1 501;-44460;1676428.168
1 502;-46580;1668755.655
1 503;-37899;1569970.005
1 504;41194;1531507.826
1 505;-351212;1976784.837
1 506;42080;1520400.078
1 507;85251;1429410.361
1 508;71123;1478465.462
1 509;-108152;1501209.393
1 510;-213290;1969001.272
1 511;43968;1388423.853
1 512;-72953;1715182.939
1 513;86174;1466325.898
1 514;61096;1395410.759
1 515;86537;1446904.497
1 516;9233;1398951.048
1 517;70743;1416480.246
1 518;-24336;1475102.623
1 519;-12940;1691156.814
1 520;10029;1513819.46
1 521;80285;1515055.215
1 522;48177;1440708.815
1 523;-20292;1805007.796
1 524;-88250;1586296.167
1 525;75921;1444010.635
1 526;-14855;1478466.052
1 527;64276;1473270.542
1 528;85576;1549684.85
1 529;-36449;1627501.37
1 530;-101324;1713691.335
1 531;65289;1333953.344
1 532;67485;1458657.565
1 533;-87360;1764625.253
1 534;-121594;1746735.58
1 535;82580;1411090.62
1 536;-8356;1557354.044
1 537;61495;1481279.21
1 538;-61339;1689058.41
1 539;-17591;1760422.261
1 540;9889;1569746.567
1 541;26938;1467498.017
1 542;80719;1609425.462
1 543;-53896;1692166.109
1 544;74992;1408506.062
1 545;-47569;1625755.967
1 546;-6857;1760386.603
1 547;70848;1437556.853
1 548;47927;1463123.294
1 549;-36695;1595815.704
1 550;-60556;1719910.485
1 551;83369;1394987.715
1 552;42182;1474533.475
1 553;13727;1707894.543
1 554;-180288;1634620.991
1 555;83674;1404026.663
1 556;46026;1241145.727
1 557;53917;1777242.363
1 558;-235507;1688434.196
1 559;84320;1550753.225
1 560;93191;1713134.626
1 561;-32478;1428347.583
1 562;76600;1447198.258
1 563;13410;1463516.544
1 564;50087;1646715.066
1 565;81270;1429070.318
1 566;59088;1806100.857
1 567;-131945;1686725.421
1 568;-13227;1544532.279
1 569;9082;1571719.155
1 570;-65558;1516293.557
1 571;64386;1432816.534
1 572;52713;1268704.929
1 573;66411;1529922.702
1 574;-31488;1549825.551
1 575;-114908;1777514.292
1 576;87466;1565855.182
1 577;56;1739737.217
1 578;82086;1439270.802
1 579;42744;1375450.027
1 580;79745;1535123.572
1 581;67752;1532273.29
1 582;-153322;1651897.498
1 583;-38191;1560103.535
1 584;89177;1566841.094
1 585;12326;1623741.638
1 586;76794;1657051.764
1 587;24822;1428579.913
1 588;62651;1365741.678
1 589;-127763;1611522.77
1 590;76848;1476378.099
1 591;52150;1485130.479
1 592;47381;1321561.668
1 593;24841;1592350.765
1 594;-8326;1554638.245
1 595;68269;1749311.414
1 596;20519;1460924.87
1 597;-3264;1666789.41
1 598;-33592;1638637.618
1 599;44840;1512606.519
1 600;-57257;1595724.404
1 601;57668;1378557.908
1 602;9965;1465445.923
1 603;9576;1537387.138
1 604;67366;1400620.083
1 605;83421;1579369.047
1 606;64988;1439397.719
1 607;19388;1716899.79
1 608;67382;1401262.253
1 609;-194895;1849573.039
1 610;-17159;1466906.435
1 611;77430;1457930.505
1 612;70350;1445339.748
1 613;21075;1643856.072
1 614;-187192;1979711.698
1 615;63893;1379505.068
1 616;49880;1399480.169
1 617;-46217;1744511.344
1 618;-35153;1555745.429
1 619;89533;1443772.38
1 620;63755;1321587.105
1 621;33827;1846694.977
1 622;-70403;1608138.158
1 623;100606;1642158.002
1 624;84292;1558250.192
1 625;-33455;1411467.25
1 626;61272;1335769.975
1 627;-62193;1489614.653
1 628;84199;1753338.495
1 629;64270;1428529.251
1 630;73590;1592659.362
1 631;-102878;1545170.024
1 632;53218;1402550.708
1 633;57852;1544014.417
1 634;71220;1639947.477
1 635;99103;1645792.141
1 636;-27678;1451463.211
1 637;35726;1480531.016
1 638;-14435;1614881.236
1 639;73959;1571492.586
1 640;48421;1461042.509
1 641;-73706;1600077.905
1 642;107198;1647935.747
1 643;67362;1408468.966
1 644;12580;1533426.546
1 645;-18120;1450348.133
1 646;-84462;1700116.684
1 647;75611;1449687.957
1 648;52173;1639037.803
1 649;59343;1553733.16
1 650;5722;1611915.367
1 651;76217;1429604.792
1 652;74810;1516556.453
1 653;30864;1578364.062
1 654;-1161;1616761.003
1 655;-81040;1440755.431
1 656;63869;1467590.659
1 657;95994;1674236.92
1 658;-6879;1440692.394
1 659;77216;1496360.392
1 660;-3075;1443987.439
1 661;88108;1555951.191
1 662;-199013;1724874.743
1 663;66577;1436428.924
1 664;31705;1550642.723
1 665;-15469;1711392.572
1 666;-149049;1735812.795
1 667;62171;1501068.01
1 668;70377;1437052.277
1 669;50218;1543103.239
1 670;64791;1517415.794
1 671;59314;1352797.837
1 672;28050;1461138.371
1 673;64032;1523326.898
1 674;33466;1559927.244
1 675;73299;1529407.387
1 676;-118969;1602861.479
1 677;9611;1683742.818
1 678;50748;1471726.55
1 679;78713;1489908.379
1 680;-20833;1715648.282
1 681;-107161;1731421.181
1 682;48257;1475335.471
1 683;42394;1296646.566
1 684;106561;1638269.461
1 685;-51325;1463686.606
1 686;55096;1770199.775
1 687;-21186;1459253.208
1 688;5656;1341640.218
1 689;72513;1598105.971
1 690;55462;1347097.328
1 691;90734;1500031.469
1 692;64938;1433894.08
1 693;102224;1648826.109
1 694;-326305;1856426.581
1 695;78331;1588307.033
1 696;87269;1669349.352
1 697;44254;1628022.487
1 698;64397;1316916.735
1 699;41675;1491031.637
1 700;71098;1433918.126
1 701;10040;1450747.651
1 702;48852;1519178.388
1 703;-132617;1766940.103
1 704;67039;1464351.596
1 705;-366301;2061874.262
1 706;51278;1416187.881
1 707;97945;1482336.438
1 708;63491;1478821.339
1 709;30615;1625242.513
1 710;-180898;1792094.095
1 711;52754;1421099.241
1 712;50430;1373664.997
1 713;-104743;1670332.676
1 714;-103269;1628815.294
1 715;87306;1517988.438
1 716;14517;1347628.807
1 717;-181573;1930798.827
1 718;33631;1480726.897
1 719;87357;1519722.329
1 720;70621;1532732.165
1 721;65880;1512402.988
1 722;64217;1508257.43
1 723;-47362;1735823.15
1 724;41904;1528554.504
1 725;17977;1475063.457
1 726;92734;1545528.581
1 727;69011;1486330.453
1 728;57736;1453803.668
1 729;-8775;1555049.489
1 730;79690;1766518.905
1 731;-14841;1532115.93
1 732;76871;1428287.34
1 733;48381;1516632.487
1 734;-64842;1582922.478
1 735;59962;1611373.909
1 736;64061;1389656.528
1 737;34074;1688132.403
1 738;19763;1510385.106
1 739;71474;1502957.374
1 740;17393;1471577.508
1 741;64454;1459839.566
1 742;9807;1604567.96
1 743;66003;1417708.958
1 744;81799;1585420.935
1 745;-4887;1516114.986
1 746;85170;1573690.149
1 747;60958;1381764.655
1 748;84197;1461754.86
1 749;-71928;1639396.914
1 750;61123;1524511.209
1 751;-56059;1504325.307
1 752;-6509;1405470.866
1 753;62013;1732165.146
1 754;-148034;1644613.648
1 755;87109;1660906.518
1 756;42530;1326013.246
1 757;17363;1623609.691
1 758;-177895;1694419.349
1 759;79823;1601025.32
1 760;-143265;1792192.452
1 761;-33888;1406263.11
1 762;-11220;1670909.947
1 763;66353;1603512.786
1 764;51736;1436424.306
1 765;69275;1405871.781
1 766;81795;1667325.504
1 767;-34364;1696196.65
1 768;51366;1304413.443
1 769;-95075;1601830.204
1 770;-7758;1449494.841
1 771;106184;1534187.392
1 772;-17849;1348347.107
1 773;526;1627781.146
1 774;-120417;1801891.221
1 775;87251;1497317.948
1 776;71986;1532730.515
1 777;-96524;1825034.78
1 778;-270247;1710889.043
1 779;60840;1382819.147
1 780;66095;1399762.989
1 781;105143;1761970.37
1 782;-41445;1548650.263
1 783;79270;1456121.971
1 784;88520;1612830.003
1 785;46185;1415278.761
1 786;77037;1534224.958
1 787;-157117;1550733.663
1 788;20937;1660376.045
1 789;74619;1408517.9
1 790;-146674;1664518.437
1 791;-109925;1629581.134
1 792;50121;1592032.927
1 793;-153998;1656862.196
1 794;83279;1493379.823
1 795;-269721;1773282.407
1 796;90344;1584910.238
1 797;52523;1400393.211
1 798;72379;1527993.745
1 799;-71252;1530376.034
1 800;50902;1308416.708
1 801;5359;1763644.79
1 802;-159351;1569712.918
1 803;83628;1515045.696
1 804;67719;1381077.183
1 805;-14197;1791484.774
1 806;-52084;1518108.883
1 807;79142;1514813.564
1 808;77254;1440316.396
1 809;-149280;1789250.793
1 810;23469;1635625.869
1 811;68048;1375279.759
1 812;76553;1391251.452
1 813;-7099;1671400.965
1 814;-142276;1675594.79
1 815;77765;1474549.701
1 816;-50499;1479054.631
1 817;68686;1461301.743
1 818;75217;1465351.35
1 819;65089;1568341.288
1 820;53546;1441508.785
1 821;56077;1433007.193
1 822;25579;1439423.206
1 823;-103711;1871645.429
1 824;-2826;1433929.327
1 825;45024;1556601.35
1 826;10709;1649496.58
1 827;86039;1589519.818
1 828;56525;1438628.507
1 829;88937;1527379.875
1 830;-57364;1663568.085
1 831;106682;1752557.19
1 832;60714;1505269.195
1 833;-2264;1583752.063
1 834;32020;1631852.23
1 835;69639;1356775.33
1 836;37438;1427131.705
1 837;-61703;1637467.887
1 838;48133;1586135.244
1 839;32254;1657524.213
1 840;75633;1584053.956
1 841;3609;1691204.937
1 842;8503;1510361.919
1 843;52980;1425636.959
1 844;67116;1475916.353
1 845;68271;1515245.595
1 846;17605;1584450.132
1 847;20966;1303625.348
1 848;-4517;1585834.219
1 849;29924;1535935.999
1 850;-96912;1705201.771
1 851;45530;1532191.498
1 852;58476;1388444.25
1 853;81339;1585987.716
1 854;-18938;1612273.491
1 855;55839;1514580.632
1 856;61675;1504084.612
1 857;66652;1536532.89
1 858;453;1558456.237
1 859;-154233;1633893.379
1 860;94818;1791433.22
1 861;639;1360052.455
1 862;109800;1699043.869
1 863;58678;1427001.406
1 864;-37032;1421072.023
1 865;63924;1605429.739
1 866;-276564;1823349.869
1 867;97322;1496826.217
1 868;49163;1418266.482
1 869;-56066;1864325.23
1 870;-120542;1520620.62
1 871;100924;1609649.8
1 872;67350;1471089.651
1 873;-227156;1853369.416
1 874;50638;1418393.382
1 875;75133;1357362.701
1 876;71128;1401150.917
1 877;70360;1443659.15
1 878;-89133;1801316.785
1 879;60241;1417699.815
1 880;-111084;1699054.827
1 881;15559;1526606.187
1 882;60774;1439478.374
1 883;60975;1407424.09
1 884;77186;1514697.011
1 885;52600;1447927.131
1 886;23765;1587193.79
1 887;-92319;1992118.553
1 888;72174;1517100.173
1 889;-92805;2022414.108
1 890;46651;1386769.52
1 891;61228;1450923.646
1 892;65485;1390354.946
1 893;78497;1528437.523
1 894;-360094;1827899.979
1 895;35114;1560336.826
1 896;103183;1752953.441
1 897;-12569;1630473.155
1 898;65339;1452300.934
1 899;64289;1308342.713
1 900;73523;1458466.33
1 901;23710;1553837.093
1 902;-26574;1574819.258
1 903;-151350;1512630.835
1 904;68736;1492477.281
1 905;14064;1587691.533
1 906;51263;1671105.597
1 907;52556;1555218.134
1 908;-3743;1419709.726
1 909;-54712;1506354.37
1 910;82167;1466863.025
1 911;67215;1416363.22
1 912;-3371;1356820.124
1 913;78937;1545092.636
1 914;-31979;1643600.763
1 915;98883;1713904.5
1 916;43250;1373161.874
1 917;3409;1640326.6
1 918;23782;1586123.372
1 919;65436;1479688.978
1 920;35520;1402781.909
1 921;-173839;1936181.736
1 922;-14002;1471686.463
1 923;69337;1656204.419
1 924;1221;1380111.124
1 925;106162;1718471.7
1 926;5013;1434765.921
1 927;86098;1685679.701
1 928;71018;1489645.543
1 929;21;1550077.586
1 930;73950;1470694.705
1 931;63588;1344593.593
1 932;102416;1625761.562
1 933;-109039;1633031.217
1 934;67218;1595985.885
1 935;-67777;1538331.218
1 936;-19920;1426077.567
1 937;-94698;1699097.783
1 938;78018;1493947.348
1 939;73068;1575385.878
1 940;69522;1464840.304
1 941;66567;1496306.243
1 942;76124;1512988.862
1 943;69986;1447947.666
1 944;72175;1417595.794
1 945;72444;1489444.464
1 946;49670;1484703.366
1 947;78367;1439265.711
1 948;53467;1443805.75
1 949;-85072;1706061.818
1 950;-27898;1749558.386
1 951;-40643;1519015.804
1 952;50170;1487740.216
1 953;8752;1464196.779
1 954;66571;1382202.649
1 955;56834;1460825.728
1 956;35350;1613637.742
1 957;44742;1361282.877
1 958;22574;1559937.801
1 959;-73397;1520385.312
1 960;40709;1448448.446
1 961;-3070;1680587.109
1 962;-29265;1642213.783
1 963;109471;1531212.7
1 964;61603;1423625.651
1 965;-140131;1693588.764
1 966;-73243;1621104.22
1 967;86885;1484949.791
1 968;48125;1371739.592
1 969;55483;1812112.663
1 970;26843;1495366.829
1 971;78068;1389733.193
1 972;70837;1440214.692
1 973;-69625;1590178.759
1 974;-171527;1669651.714
1 975;77682;1411618.859
1 976;-79257;1741574.113
1 977;70502;1525091.281
1 978;41107;1558327.836
1 979;19120;1429344.97
1 980;77362;1537669.58
1 981;67034;1454933.838
1 982;3859;1417315.604
1 983;-11077;1580640.693
1 984;64963;1414718.873
1 985;48648;1732260.162
1 986;-95613;1531863.924
1 987;76570;1610426.918
1 988;-129627;1510708.208
1 989;29843;1545807.057
1 990;-97234;1622813.251
1 991;63112;1522226.374
1 992;93477;1714927.999
1 993;4302;1421403.265
1 994;49062;1766010.953
1 995;-55676;1415780.439
1 996;82542;1530249.204
1 997;-2227;1591599.79
1 998;39746;1541463.755
1 999;54328;1344244.002
2 000;69384;1436852.984
2 001;64469;1685152.696
2 002;27910;1398611.538
2 003;72045;1411754.241
2 004;28987;1403585.092
2 005;55932;1467056.278
2 006;-94856;1734546.016
2 007;41225;1630296.028
2 008;-51403;1666598.022
2 009;61359;1452615.345
2 010;78308;1675058.059
2 011;70207;1423415.346
2 012;58353;1375586.824
2 013;29117;1537107.221
2 014;-110379;1680405.525
2 015;-50008;1640708.133
2 016;-8985;1631302.585
2 017;-10150;1638616.893
2 018;67931;1423547.144
2 019;-78250;1550512.44
2 020;100713;1687123.37
2 021;71308;1379795.228
2 022;3601;1549738.543
2 023;-17900;1678477.442
2 024;67292;1418983.611
2 025;68128;1722102.008
2 026;-59914;1486784.501
2 027;65879;1261440.929
2 028;76119;1424835.135
2 029;35068;1887429.458
2 030;-242931;1766071.125
2 031;70664;1568547.911
2 032;38954;1277621.819
2 033;-279007;1852368.628
2 034;-131086;1827753.739
2 035;85641;1607068.347
2 036;61099;1350158.087
2 037;-38194;1637100.111
2 038;-13753;1599337.653
2 039;123780;1620129.347
2 040;40609;1593935.816
2 041;48687;1305622.64
2 042;80102;1561436.928
2 043;54973;1507116.974
2 044;38958;1525354.75
2 045;17406;1445235.282
2 046;78368;1593522.377
2 047;-33064;1740278.686
2 048;-53552;1527482.927
2 049;-2787;1520281.977
2 050;4223;1517304.796
2 051;70687;1378953.89
2 052;75709;1538217.15
2 053;-24654;1601528.832
2 054;-7612;1618141.973
2 055;22716;1529882.459
2 056;33321;1541233.024
2 057;-47081;1513666.59
2 058;-67949;1616641.507
2 059;67115;1494766.193
2 060;60293;1475688.359
2 061;79725;1518462.378
2 062;-41050;1827444.456
2 063;82526;1463412.74
2 064;-17272;1470317.615
2 065;79246;1618435.068
2 066;-129741;1559207.74
2 067;71328;1399602.395
2 068;35182;1361942.156
2 069;93720;1643751.346
2 070;-134458;1605068.799
2 071;108502;1776430.431
2 072;60200;1559910.72
2 073;-125377;1680185.269
2 074;92943;1712758.37
2 075;52914;1415507.163
2 076;112680;1811441.451
2 077;54088;1400953.012
2 078;-37366;1662331.876
2 079;67117;1407262.022
2 080;-145456;1840719.016
2 081;51616;1487373.834
2 082;48646;1632524.733
2 083;67459;1685771.327
2 084;-66582;1351376.388
2 085;31739;1446903.906
2 086;70031;1405676.587
2 087;86607;1704431.394
2 088;80002;1412515.685
2 089;-101896;1653264.165
2 090;57846;1672718.305
2 091;79859;1452607.878
2 092;57422;1340949.929
2 093;41581;1464914.904
2 094;-195985;1811632.276
2 095;63593;1397674.371
2 096;97973;1621262.97
2 097;-126033;1653575.77
2 098;-133269;1781647.858
2 099;53007;1358212.321
2 100;55807;1338219.976
2 101;-61384;1725230.86
2 102;-46797;1581059.648
2 103;-81000;1440332.485
2 104;54010;1448403.044
2 105;98723;1692178.259
2 106;70555;1301820.069
2 107;68024;1554998.996
2 108;-84779;1689776.645
2 109;78074;1543367.897
2 110;-12291;1571498.615
2 111;-57307;1544313.466
2 112;-4408;1521357.72
2 113;8504;1651185.833
2 114;-21583;1680244.015
2 115;43383;1613704.987
2 116;32044;1441356.427
2 117;-81459;1745120.998
2 118;51548;1452180.356
2 119;83822;1560376.362
2 120;61093;1324472.41
2 121;28643;1460298.338
2 122;32837;1430477.578
2 123;48324;1445498.85
2 124;-4917;1567650.703
2 125;-50109;1537961.441
2 126;21398;1641841.367
2 127;69285;1491525.358
2 128;-91297;1542364.979
2 129;-50044;1654504.526
2 130;-65147;1558298.819
2 131;89330;1536155.464
2 132;61114;1280898.671
2 133;100287;1602657.97
2 134;-77542;1610314.099
2 135;80222;1647301.131
2 136;83958;1616096.251
2 137;-92559;1695851.777
2 138;87815;1463021.048
2 139;-649;1309687.876
2 140;87786;1569109.728
2 141;185;1471725.649
2 142;6482;1711801.423
2 143;37788;1371805.955
2 144;-84481;1773649.323
2 145;53246;1604231.511
2 146;50936;1318983.442
2 147;87618;1475781.785
2 148;16535;1512648.768
2 149;78414;1530418.731
2 150;56066;1483469.028
2 151;-92963;1626068.774
2 152;86618;1584265.111
2 153;-205279;1796718.481
2 154;-7898;1557183.713
2 155;51667;1361241.367
2 156;69681;1430068.878
2 157;75702;1491217.856
2 158;-176205;1865646.221
2 159;42565;1336752.278
2 160;60791;1402518.132
2 161;-2876;1517618.994
2 162;-49178;1718712.862
2 163;77344;1416861.875
2 164;76033;1488786.221
2 165;-142870;1703468.392
2 166;86193;1808865.507
2 167;60754;1372241.663
2 168;-20520;1512793.697
2 169;61835;1519000.52
2 170;62583;1459704.152
2 171;43186;1644658.479
2 172;-196761;1683073.263
2 173;74106;1521161.168
2 174;50500;1408187.812
2 175;83396;1497452.759
2 176;-93473;1709998.54
2 177;63670;1591454.881
2 178;64459;1502871.536
2 179;77328;1457471.246
2 180;-26852;1598219.501
2 181;60821;1484781.422
2 182;57246;1508744.129
2 183;-16299;1481272.608
2 184;39978;1349045.614
2 185;-87442;1639801.371
2 186;-52643;1706469.72
2 187;82542;1441905.191
2 188;41159;1391205.796
2 189;44572;1590916.039
2 190;-271036;1924083.535
2 191;82593;1463644.297
2 192;74280;1573723.86
2 193;-143395;1622609.254
2 194;-20315;1759180.058
2 195;63335;1340424.087
2 196;90627;1440260.904
2 197;-67950;1506325.093
2 198;23208;1741518.844
2 199;31835;1263506.96
2 200;-41098;1613144.15
2 201;73032;1576394.679
2 202;9118;1382461.559
2 203;98142;1672109.727
2 204;-223172;1651389.112
2 205;96691;1527278.203
2 206;11950;1507229.107
2 207;64508;1447392.641
2 208;-61452;1629608.555
2 209;-127097;1675916.458
2 210;-9174;1590017.756
2 211;71026;1430911.35
2 212;57512;1361423.075
2 213;-12000;1537216.366
2 214;76611;1602805.834
2 215;63100;1474909.672
2 216;29086;1375886.859
2 217;33199;1515306.413
2 218;75014;1546157.557
2 219;99106;1636853.212
2 220;72785;1470694.207
2 221;54411;1410190.893
2 222;24048;1656599.655
2 223;88535;1577548.288
2 224;64505;1518978.967
2 225;63632;1623776.347
2 226;-75597;1531347.313
2 227;49862;1422279.109
2 228;72260;1398322.562
2 229;86800;1615424.522
2 230;-74189;1499993.094
2 231;64815;1584498.284
2 232;70816;1472558.359
2 233;-23912;1699486.063
2 234;57625;1366959.644
2 235;49962;1403962.011
2 236;100991;1746181.712
2 237;71095;1538123.601
2 238;-70745;1564187.178
2 239;38322;1408387.254
2 240;48148;1782110.432
2 241;21391;1401288.87
2 242;77119;1576446.769
2 243;-58241;1728144.827
2 244;-12712;1513852.245
2 245;74617;1568794.367
2 246;79733;1511145.627
2 247;-36562;1637523.577
2 248;80293;1343596.266
2 249;11265;1683581.194
2 250;-119628;1659181.988
2 251;63656;1449848.113
2 252;51094;1349100.935
2 253;-30083;1622786.63
2 254;-78107;1729858.227
2 255;74302;1418370.87
2 256;88689;1585400.782
2 257;-111803;1749316.449
2 258;-90726;1789945.056
2 259;43135;1380976.937
2 260;96118;1439028.227
2 261;6354;1515659.362
2 262;-131313;1919713.511
2 263;34971;1419514.948
2 264;-109254;1576006.443
2 265;45257;1612905.702
2 266;47343;1267969.464
2 267;90785;1655022.218
2 268;-8446;1446240.455
2 269;111711;1621270.162
2 270;-81731;1561494.605
2 271;-32948;1708109.259
2 272;26944;1639831.302
2 273;-12816;1672098.66
2 274;-9326;1645735.713
2 275;60961;1391604.287
2 276;76750;1490814.059
2 277;74554;1482337.876
2 278;7663;1569555.175
2 279;27858;1500079.407
2 280;31753;1451877.369
2 281;74757;1681446.509
2 282;39806;1507881.189
2 283;85024;1495741.481
2 284;29645;1391712.115
2 285;79216;1431621.017
2 286;-251029;1725633.342
2 287;23451;1643836.175
2 288;46368;1420428.748
2 289;74773;1525881.138
2 290;-71935;1691774.962
2 291;78743;1603338.414
2 292;52623;1356487.737
2 293;5833;1605152.104
2 294;16425;1535964.815
2 295;69097;1515158.074
2 296;86009;1562606.747
2 297;-111335;1492033.231
2 298;29458;1637911.632
2 299;-12841;1435834.975
2 300;-128490;1678270.107
2 301;-61983;1516682.268
2 302;-55151;1755646.222
2 303;76734;1491004.961
2 304;97631;1609420.814
2 305;-172335;1607591.722
2 306;69562;1567213.283
2 307;-40502;1513284.561
2 308;44007;1659193.313
2 309;-85441;1605112.036
2 310;80763;1697189.462
2 311;-6650;1462184.261
2 312;14862;1403079.34
2 313;78292;1570191.525
2 314;-195829;1628221.286
2 315;70569;1494528.885
2 316;64620;1375197.208
2 317;38545;1671531.431
2 318;-55414;1545531.404
2 319;83450;1574995.329
2 320;45972;1443976.217
2 321;-115682;1631631.334
2 322;52537;1429851.683
2 323;59633;1410692.735
2 324;84761;1429516.403
2 325;85118;1506909.022
2 326;-38196;1701821.112
2 327;78894;1559548.764
2 328;-116123;1700719.752
2 329;-201356;1778788.785
2 330;12913;1488634.769
2 331;60598;1472043.529
2 332;42919;1338141.965
2 333;63417;1548809.044
2 334;-42862;1596608.148
2 335;69301;1691453.19
2 336;-209998;1839379.033
2 337;56088;1697174.705
2 338;39078;1424689.408
2 339;27194;1557714.558
2 340;28376;1469041.876
2 341;95020;1462667.84
2 342;-106066;1513707.464
2 343;-4750;1479591.726
2 344;96114;1597709.711
2 345;31199;1666775.908
2 346;-9047;1692540.687
2 347;53532;1212343.856
2 348;69772;1360371.993
2 349;53317;1589906.986
2 350;-242098;1834853.952
2 351;29520;1466885.788
2 352;72730;1390567.428
2 353;5380;1759166.362
2 354;9563;1912575.349
2 355;67991;1466027.74
2 356;81950;1502559.157
2 357;-55982;1532495.848
2 358;-49257;1814539.401
2 359;81122;1384643.887
2 360;-74171;1588749.758
2 361;69871;1394876.466
2 362;89491;1701278.642
2 363;75722;1627176.433
2 364;-143030;1615236.583
2 365;32174;1470046.807
2 366;20889;1492464.346
2 367;29595;1636136.465
2 368;76627;1590314.012
2 369;-189063;1791001.975
2 370;-52434;1525737.525
2 371;29905;1426096.215
2 372;88347;1633585.37
2 373;18172;1380903.453
2 374;63592;1691931.726
2 375;53487;1298730.635
2 376;-24073;1482041.735
2 377;90315;1586494.277
2 378;-81774;1486921.299
2 379;103038;1571442.506
2 380;26142;1416591.68
2 381;95402;1727050.158
2 382;-140059;1620762.076
2 383;72270;1583165.003
2 384;69576;1536993.583
2 385;13185;1666584.39
2 386;22525;1646612.303
2 387;37656;1549485.603
2 388;78707;1453813.772
2 389;61361;1394664.133
2 390;17882;1585976.141
2 391;77075;1476672.877
2 392;49500;1479338.84
2 393;20821;1558702.613
2 394;73545;1524884.164
2 395;88975;1447906.951
2 396;58104;1458183.583
2 397;65489;1582986.824
2 398;-12191;1556352.755
2 399;19816;1475921.089
2 400;-25510;1462872.274
2 401;48903;1607559.183
2 402;39185;1475191.084
2 403;70028;1561611.002
2 404;-41897;1486794.889
2 405;62951;1461108.996
2 406;41817;1409150.268
2 407;89285;1630049.736
2 408;40029;1487440.093
2 409;-194589;1748593.32
2 410;-81209;1960352.388
2 411;60488;1383041.786
2 412;96003;1527836.156
2 413;-140706;1610953.286
2 414;28239;1673259.557
2 415;66871;1483681.914
2 416;83835;1447177.393
2 417;-87318;1779715.861
2 418;18167;1686250.651
2 419;54878;1350450.37
2 420;70327;1433724.196
2 421;-58112;1663999.062
2 422;-200334;1780629.066
2 423;64022;1455073.521
2 424;-57585;1586792.546
2 425;88988;1809105.609
2 426;32550;1387251.984
2 427;85773;1592009.898
2 428;24602;1492182.041
2 429;37288;1519032.707
2 430;35001;1472382.671
2 431;-27834;1522294.434
2 432;31073;1443777.624
2 433;81629;1779519.256
2 434;41680;1410730.287
2 435;45240;1606970.794
2 436;-187916;1608403.46
2 437;82194;1606566.651
2 438;26780;1373442.58
2 439;89853;1592945.87
2 440;80269;1466847.15
2 441;16191;1599484.151
2 442;-14946;1835201.856
2 443;58443;1382347.883
2 444;94046;1619589.663
2 445;-222224;1852621.063
2 446;-30081;1741446.258
2 447;-46754;1469656.939
2 448;71493;1457300.85
2 449;-160405;1942014.815
2 450;56229;1513778.188
2 451;85470;1497521.802
2 452;60360;1333001.027
2 453;39997;1417770.824
2 454;-114544;1775244.635
2 455;59710;1438491.456
2 456;-112768;1686502.042
2 457;75740;1583400.1
2 458;75338;1451573.356
2 459;47056;1393345.907
2 460;68451;1509704.185
2 461;14284;1448887.793
2 462;31391;1455326.859
2 463;-62470;1669343.572
2 464;62909;1569953.773
2 465;-166262;1894886.035
2 466;52009;1436631.117
2 467;61777;1315223.531
2 468;125139;1776028.294
2 469;58789;1404523.072
2 470;-43389;1737207.829
2 471;38410;1389654.839
2 472;-19374;1629858.622
2 473;67672;1533378.419
2 474;-94247;1510562.374
2 475;72307;1318835.848
2 476;81519;1490535.181
2 477;75728;1479522.481
2 478;-149608;1733221.53
2 479;58603;1591567.178
2 480;-47061;1387895.923
2 481;9604;1445487.03
2 482;-42460;1588673.486
2 483;92264;1660935.407
2 484;-66301;1515139.952
2 485;17817;1444486.72
2 486;24045;1636885.473
2 487;84854;1479511.596
2 488;63013;1494962.66
2 489;54904;1353251.758
2 490;27398;1662361.448
2 491;78451;1383196.159
2 492;-60742;1494114.566
2 493;15748;1586094.155
2 494;59776;1605729.032
2 495;88109;1539805.054
2 496;-127356;1575800.409
2 497;74104;1715213.966
2 498;63967;1419189.661
2 499;-22607;1586777.58
2 500;-107864;1672639.223
2 501;91745;1520613.737
2 502;-35096;1495586.374
2 503;-10079;1877023.993
2 504;77375;1443223.501
2 505;3686;1446461.032
2 506;74439;1769977.117
2 507;46284;1193330.591
2 508;78727;1472294.978
2 509;-48898;1619786.404
2 510;-86779;1778681.968
2 511;15821;1424932.418
2 512;57976;1294664.771
2 513;-116659;1654035.039
2 514;-101183;1661192.605
2 515;74806;1491631.793
2 516;63010;1331642.343
2 517;53649;1495711.496
2 518;-257466;1826925.978
2 519;73829;1416222.632
2 520;-94294;1653163.42
2 521;33188;1382908.025
2 522;61509;1504597.954
2 523;52588;1546678.431
2 524;42151;1539789.379
2 525;67375;1439744.755
2 526;70308;1522979.723
2 527;59273;1688470.032
2 528;74345;1534297.075
2 529;-145558;1697752.829
2 530;74798;1555174.654
2 531;55837;1504430.405
2 532;61305;1415323.081
2 533;26711;1442383.113
2 534;6469;1618695.645
2 535;65697;1466550.563
2 536;32147;1442640.426
2 537;69049;1489357.271
2 538;-52928;1538868.906
2 539;96676;1574804.779
2 540;61568;1363811.166
2 541;24758;1740402.841
2 542;17663;1546564.999
2 543;51627;1583084.848
2 544;70734;1418781.146
2 545;42763;1622806.198
2 546;-3658;1544975.838
2 547;59761;1436168.498
2 548;16830;1388254.624
2 549;75020;1514559.936
2 550;-67715;1609786.659
2 551;79930;1575124.387
2 552;8141;1666043.779
2 553;31371;1533019.764
2 554;-21764;1674000.333
2 555;58458;1421180.481
2 556;89354;1582775.05
2 557;-31302;1628537.123
2 558;-199790;1760407.498
2 559;-79297;1526330.937
2 560;64749;1503226.575
2 561;-48906;1721966.705
2 562;-58559;1498883.958
2 563;74624;1527084.995
2 564;80721;1466371.661
2 565;74567;1674802.733
2 566;-47156;1489544.474
2 567;-3102;1471498.999
2 568;95370;1637015.127
2 569;18769;1682484.715
2 570;36501;1314063.267
2 571;84865;1544750.114
2 572;50383;1571618.614
2 573;44799;1568585.481
2 574;-84734;1709551.071
2 575;-42878;1492893.37
2 576;-64745;1549759.215
2 577;-34195;1625512.509
2 578;16711;1594260.856
2 579;108960;1716357.053
2 580;967;1284952.988
2 581;62521;1570058.924
2 582;-54067;1409646.095
2 583;70016;1560483.705
2 584;77590;1533370.894
2 585;-133454;1728227.006
2 586;86307;1610869.914
2 587;-42966;1596561.194
2 588;74465;1524430.126
2 589;-178055;1487278.985
2 590;-46577;1887507.837
2 591;23336;1446673.884
2 592;12913;1414311.98
2 593;-100325;1793107.269
2 594;-130715;1731937.797
2 595;70835;1379854.356
2 596;81792;1436109.985
2 597;12815;1629548.23
2 598;-106330;1732452.049
2 599;80912;1511445.198
2 600;27639;1535015.978
2 601;488;1465056.531
2 602;64030;1419991.121
2 603;-3943;1420334.098
2 604;59670;1623074.017
2 605;87602;1505799.503
2 606;80094;1574254.153
2 607;72537;1504116.818
2 608;-72228;1606474.727
2 609;21755;1399229.408
2 610;68801;1477633.882
2 611;49035;1480348.844
2 612;-516;1544021.711
2 613;42782;1516545.455
2 614;82477;1621501.473
2 615;-14152;1616967.851
2 616;50523;1284922.206
2 617;7470;1737809.958
2 618;-97630;1608068.078
2 619;88019;1473196.213
2 620;69437;1423847.175
2 621;85744;1740828.651
2 622;-262759;1860197.584
2 623;66785;1428929.681
2 624;60441;1429271.837
2 625;50740;1450240.448
2 626;-39761;1671823.234
2 627;97859;1671300.639
2 628;57380;1422892.827
2 629;22987;1500237.663
2 630;66298;1574593.662
2 631;76810;1500547.319
2 632;77835;1472372.489
2 633;20957;1427986.021
2 634;59195;1531373.485
2 635;71645;1487422.713
2 636;-28581;1553314.901
2 637;-682;1535278.318
2 638;15981;1576395.329
2 639;69229;1379135.662
2 640;-64405;1654892.052
2 641;86466;1706921.682
2 642;-123018;1477399.782
2 643;105314;1597307.026
2 644;10790;1307233.489
2 645;93465;1604002.173
2 646;-86664;1588080.786
2 647;48075;1584315.8
2 648;77604;1683890.405
2 649;-69081;1492565.268
2 650;75227;1565752.71
2 651;42791;1329711.456
2 652;84983;1504056.512
2 653;79340;1447795.81
2 654;-97043;1785743.463
2 655;5549;1524222.983
2 656;68329;1483957.505
2 657;-178356;1947613.538
2 658;-68202;1656296.059
2 659;65729;1385778.514
2 660;67031;1259850.623
2 661;39812;1684783.082
2 662;-176296;1707084.719
2 663;64899;1549830.063
2 664;-54861;1749002.304
2 665;-14992;1592203.299
2 666;69664;1405572.099
2 667;3559;1465870.365
2 668;16693;1484834.071
2 669;82439;1476364.678
2 670;-12316;1627533.675
2 671;-121850;1636865.706
2 672;62493;1490030.393
2 673;70674;1444463.104
2 674;79677;1612164.155
2 675;-268;1461363.091
2 676;72777;1564832.301
2 677;-9553;1492963.497
2 678;82288;1447122.255
2 679;25589;1591795.486
2 680;70979;1313895.628
2 681;-6660;1634792.512
2 682;-125450;1639151.012
2 683;66853;1464300.548
2 684;4563;1343249.439
2 685;-118624;1751837.96
2 686;-212561;1823609.844
2 687;72966;1473243.542
2 688;79770;1482154.855
2 689;-118080;1733707.404
2 690;-35429;1649002.282
2 691;9916;1346404.928
2 692;87891;1469221.848
2 693;36609;1725114.247
2 694;-214296;1752870.67
2 695;-2601;1551449.653
2 696;6740;1544132.386
2 697;41147;1719472.57
2 698;68709;1421145.556
2 699;-149606;1657945.941
2 700;58498;1582815.149
2 701;81554;1508077.008
2 702;13511;1467087.876
2 703;-15391;1593007.424
2 704;-41117;1583300.771
2 705;19324;1324242.07
2 706;90928;1601921.856
2 707;19976;1484665.331
2 708;69621;1395191.025
2 709;646;1464601.754
2 710;87562;1493294.338
2 711;-63062;1586506.612
2 712;51274;1281126.817
2 713;-51066;1782408.001
2 714;-136913;1652841.428
2 715;117917;1827760.383
2 716;34549;1259930.641
2 717;50635;1593061.571
2 718;-13044;1713422.879
2 719;124376;1722897.43
2 720;12830;1584606.945
2 721;-9319;1519222.158
2 722;-85995;1719807.502
2 723;77331;1577825.904
2 724;70623;1370885.772
2 725;-7876;1559912.421
2 726;36583;1431043.64
2 727;19173;1465087.175
2 728;73689;1492071.977
2 729;49392;1621173.368
2 730;40424;1432494.111
2 731;69355;1454720.402
2 732;38725;1452893.343
2 733;91022;1591750.373
2 734;-57864;1610275.83
2 735;71867;1464694.508
2 736;10989;1597019.136
2 737;3764;1572984.68
2 738;-30840;1545003.002
2 739;78459;1473883.776
2 740;55939;1375384.84
2 741;72464;1583820.843
2 742;-35068;1511656.037
2 743;53057;1461894.582
2 744;82041;1481158.239
2 745;249;1512514.079
2 746;74436;1606496.146
2 747;70445;1470774.727
2 748;44881;1427736.198
2 749;54646;1419295.299
2 750;-104444;1768183.353
2 751;-65672;1603675.099
2 752;66325;1594781.434
2 753;-69703;1720573.105
2 754;-239698;1905925.844
2 755;80006;1427742.168
2 756;59035;1365395.458
2 757;-128695;1707037.054
2 758;21763;1617815.743
2 759;62488;1386954.669
2 760;-78633;1453204.659
2 761;76149;1468085.777
2 762;73862;1392612.262
2 763;72190;1518219.788
2 764;-151600;1764465.005
2 765;64024;1478438.928
2 766;13532;1504363.02
2 767;69070;1562719.035
2 768;-151751;1886271.558
2 769;45348;1524202.608
2 770;77736;1529651.7
2 771;19459;1447370.72
2 772;112443;1711361.403
2 773;55911;1309704.446
2 774;90059;1590866.876
2 775;-98075;1519250.916
2 776;70588;1462429.187
2 777;15703;1889340.48
2 778;-61533;1502686.068
2 779;75512;1405447.533
2 780;1224;1383305.729
2 781;83715;1600222.306
2 782;-457401;1957691.452
2 783;76318;1436013.572
2 784;79570;1577913.696
2 785;-56765;1630634.287
2 786;26580;1509462.925
2 787;63850;1395040.559
2 788;94621;1455729.698
2 789;24145;1504785.748
2 790;-10701;1640623.683
2 791;-10541;1548854.562
2 792;-49166;1430229.271
2 793;-191037;1953761.918
2 794;9655;1355594.417
2 795;72834;1482779.932
2 796;64860;1455962.134
2 797;51204;1439579.672
2 798;-34840;1683657.864
2 799;70956;1426706.007
2 800;32096;1429998.402
2 801;56245;1606399.972
2 802;-69049;1487409.659
2 803;76814;1489295.498
2 804;32920;1431690.307
2 805;-97554;1895725.906
2 806;50647;1448426.57
2 807;92159;1650380.751
2 808;68314;1459953.866
2 809;-167690;1670667.534
2 810;-20543;1666281.085
2 811;74417;1615068.034
2 812;2880;1482617.177
2 813;37209;1548385.264
2 814;9630;1820912.072
2 815;54686;1455836.55
2 816;73852;1430899.068
2 817;-131556;1761765.187
2 818;79320;1823553.524
2 819;-21995;1693190.327
2 820;30790;1570058.161
2 821;-175024;1506813.917
2 822;75274;1670808.266
2 823;56046;1390566.508
2 824;-44928;1465162.078
2 825;75036;1547111.628
2 826;-7195;1543493.978
2 827;110372;1647197.565
2 828;-83493;1433219.747
2 829;-87989;1639507.013
2 830;-19099;1416875.285
2 831;102910;1627572.813
2 832;75505;1662297.859
2 833;-13461;1775850.119
2 834;61452;1385705.169
2 835;43213;1424092.048
2 836;86759;1530418.803
2 837;28982;1357369.222
2 838;-54998;1605798.847
2 839;65088;1388295.982
2 840;75548;1622143.766
2 841;-37660;1736470.639
2 842;-56490;1639863.755
2 843;71031;1409441.27
2 844;75906;1443961.361
2 845;77537;1600054.621
2 846;-165280;1663892.349
2 847;-28315;1621743.592
2 848;65294;1412442.028
2 849;-306875;2097158.007
2 850;-104441;1538805.851
2 851;-18259;1477165.219
2 852;69244;1351039.426
2 853;78047;1654355.223
2 854;-170818;1773444.872
2 855;77765;1499044.527
2 856;-22585;1647130.924
2 857;9750;1429034.128
2 858;84091;1427386.494
2 859;77666;1461069.2
2 860;84430;1513580.742
2 861;70329;1389749.989
2 862;87438;1508976.309
2 863;-29135;1622994.048
2 864;-10285;1504982.207
2 865;55777;1557024.311
2 866;66898;1515027.024
2 867;-41896;1648514.52
2 868;-10163;1762469.182
2 869;77113;1507879.08
2 870;66772;1423269.347
2 871;54427;1418069.547
2 872;54154;1322379.04
2 873;44596;1652028.245
2 874;-278272;1812240.355
2 875;63646;1350536.511
2 876;64222;1392431.902
2 877;-208075;2057005.018
2 878;-137712;1796351.594
2 879;75018;1529810.751
2 880;90511;1591118.875
2 881;-127451;1633004.557
2 882;65507;1573303.616
2 883;-69361;1517228.796
2 884;93685;1571149.27
2 885;41942;1438447.029
2 886;-38914;1660190.259
2 887;-46803;1449605.319
2 888;26012;1470627.587
2 889;71942;1724309.039
2 890;-80170;1481421.438
2 891;80515;1455115.687
2 892;56543;1422369.631
2 893;55856;1730433.593
2 894;-96219;1627214.241
2 895;83208;1583054.249
2 896;43761;1492964.214
2 897;-68550;1732852.605
2 898;66218;1640601.552
2 899;-7079;1540180.565
2 900;72936;1430501.707
2 901;25626;1515310.76
2 902;-39226;1479918.108
2 903;99422;1593422.556
2 904;43390;1395917.406
2 905;53940;1489493.349
2 906;42305;1548485.211
2 907;85834;1536926.559
2 908;61961;1330494.181
2 909;18967;1433010.049
2 910;69098;1440856.205
2 911;42538;1694022.044
2 912;59050;1347045.834
2 913;-56122;1697182.733
2 914;-135652;1667938.177
2 915;93905;1588260.028
2 916;61037;1346865.192
2 917;86304;1634423.714
2 918;-87275;1692255.935
2 919;88653;1472850.471
2 920;-57364;1728329.985
2 921;52452;1377685.792
2 922;84436;1647656.241
2 923;45324;1370582.832
2 924;51912;1487251.313
2 925;37347;1400963.547
2 926;62984;1435781.209
2 927;15823;1669112.814
2 928;-107670;1706118.41
2 929;27234;1487661.556
2 930;76653;1466727.703
2 931;-40249;1541856.324
2 932;41037;1605767.903
2 933;78953;1458835.156
2 934;62993;1575855.225
2 935;-22296;1494444.074
2 936;58333;1422187.818
2 937;35397;1622516.232
2 938;-147848;1697030.869
2 939;73809;1429772.786
2 940;73460;1410362.24
2 941;22142;1657778.304
2 942;-182754;1861079.148
2 943;67605;1478486.026
2 944;50342;1208426.014
2 945;25783;1580581.09
2 946;-30683;1618260.191
2 947;87132;1585156.571
2 948;-85911;1427559.562
2 949;-21532;1662182.345
2 950;-145243;1738469.206
2 951;103323;1580308.143
2 952;69376;1612994.805
2 953;28396;1337431.393
2 954;87580;1686070.758
2 955;-27982;1485573.76
2 956;1441;1629951.764
2 957;-56218;1569077.48
2 958;91342;1608712.669
2 959;16976;1495074.262
2 960;-81980;1652440.916
2 961;61381;1627298.365
2 962;-14827;1338713.798
2 963;50957;1423904.057
2 964;79512;1563924.907
2 965;100141;1558096.085
2 966;24889;1613251.014
2 967;-73830;1588148.061
2 968;59115;1529115.83
2 969;-20045;1664516.718
2 970;-167191;1655360.613
2 971;22548;1332499.847
2 972;79580;1348842.966
2 973;81623;1575365.72
2 974;-186229;1748940.714
2 975;55460;1474425.406
2 976;37284;1541183.11
2 977;-72618;1719274.758
2 978;96389;1677160.674
2 979;26315;1534257.585
2 980;71893;1379123.732
2 981;53031;1341860.924
2 982;-49601;1603267.525
2 983;48207;1671082.02
2 984;-33279;1486665.614
2 985;67983;1701624.502
2 986;52448;1390933.791
2 987;83263;1405723.242
2 988;52733;1355649.954
2 989;-140;1543728.24
2 990;-142118;1649595.022
2 991;35480;1659023.159
2 992;83960;1554618.233
2 993;-14434;1680985.129
2 994;-38032;1563087.848
2 995;-6119;1612383.567
2 996;58269;1434600.865
2 997;57330;1587231.912
2 998;59542;1476329.606
2 999;82771;1468086.068
3 000;75646;1411793.086
